市总公司,组织机构,单位,包含组织
国网四川内江供电公司,内江供电公司本部,安全监察部（保卫部）,
国网四川内江供电公司,内江供电公司本部,办公室（党委办公室）,
国网四川内江供电公司,内江供电公司本部,财务资产部,
国网四川内江供电公司,内江供电公司本部,党委党建部（党委宣传部、工会、团委）,
国网四川内江供电公司,内江供电公司本部,党委组织部（人力资源部）,
国网四川内江供电公司,内江供电公司本部,电力调度控制中心,
国网四川内江供电公司,内江供电公司本部,发展策划部,
国网四川内江供电公司,内江供电公司本部,纪委办公室,
国网四川内江供电公司,内江供电公司本部,建设部（项目管理中心）,
国网四川内江供电公司,内江供电公司本部,科技数字化工作部,
国网四川内江供电公司,内江供电公司本部,审计部,
国网四川内江供电公司,内江供电公司本部,物资部,
国网四川内江供电公司,内江供电公司本部,营销部(农电工作部）,
国网四川内江供电公司,内江供电公司本部,运维检修部,
国网四川内江供电公司,内江供电公司本部,综合服务中心,
国网四川内江供电公司,内江供电公司本部,领导干部,
国网四川内江供电公司,内江供电公司本部,助理/副总师,
国网四川内江供电公司,县级供电企业,国网隆昌市供电分公司,内江星原公司隆昌分公司
国网四川内江供电公司,县级供电企业,国网隆昌市供电分公司,内江三新公司隆昌分公司
国网四川内江供电公司,县级供电企业,国网隆昌市供电分公司,运维检修部（检修（建设）工区）
国网四川内江供电公司,县级供电企业,国网隆昌市供电分公司,营销部（客户服务中心）
国网四川内江供电公司,县级供电企业,国网隆昌市供电分公司,电力调度控制分中心
国网四川内江供电公司,县级供电企业,国网隆昌市供电分公司,领导干部
国网四川内江供电公司,县级供电企业,国网隆昌市供电分公司,党委党建部（党委宣传部、工会、纪委办公室、团委）
国网四川内江供电公司,县级供电企业,国网隆昌市供电分公司,发展建设部
国网四川内江供电公司,县级供电企业,国网隆昌市供电分公司,安全监察部（保卫部）
国网四川内江供电公司,县级供电企业,国网隆昌市供电分公司,党委组织部（人力资源部）
国网四川内江供电公司,县级供电企业,国网隆昌市供电分公司,办公室（党委办公室）
国网四川内江供电公司,县级供电企业,国网隆昌市供电分公司,财务资产部
国网四川内江供电公司,县级供电企业,国网东兴区供电分公司,内江星原公司东兴分公司
国网四川内江供电公司,县级供电企业,国网东兴区供电分公司,内江三新公司东兴分公司
国网四川内江供电公司,县级供电企业,国网东兴区供电分公司,运维检修部（检修（建设）工区）
国网四川内江供电公司,县级供电企业,国网东兴区供电分公司,营销部（客户服务中心）
国网四川内江供电公司,县级供电企业,国网东兴区供电分公司,发展建设部
国网四川内江供电公司,县级供电企业,国网东兴区供电分公司,领导干部
国网四川内江供电公司,县级供电企业,国网东兴区供电分公司,综合管理部（党委办公室、党委组织部）
国网四川内江供电公司,县级供电企业,国网东兴区供电分公司,安全监察部（保卫部）
国网四川内江供电公司,县级供电企业,国网东兴区供电分公司,党委党建部（党委宣传部、工会、纪委办公室、团委）
国网四川内江供电公司,县级供电企业,国网东兴区供电分公司,财务资产部
国网四川内江供电公司,县级供电企业,国网威远县供电分公司,内江星原公司威远分公司
国网四川内江供电公司,县级供电企业,国网威远县供电分公司,内江三新公司威远分公司
国网四川内江供电公司,县级供电企业,国网威远县供电分公司,运维检修部（检修（建设）工区）
国网四川内江供电公司,县级供电企业,国网威远县供电分公司,营销部（客户服务中心）
国网四川内江供电公司,县级供电企业,国网威远县供电分公司,电力调度控制分中心
国网四川内江供电公司,县级供电企业,国网威远县供电分公司,领导干部
国网四川内江供电公司,县级供电企业,国网威远县供电分公司,安全监察部（保卫部）
国网四川内江供电公司,县级供电企业,国网威远县供电分公司,发展建设部
国网四川内江供电公司,县级供电企业,国网威远县供电分公司,党委党建部（党委宣传部、工会、纪委办公室、团委）
国网四川内江供电公司,县级供电企业,国网威远县供电分公司,办公室（党委办公室）
国网四川内江供电公司,县级供电企业,国网威远县供电分公司,财务资产部
国网四川内江供电公司,县级供电企业,国网威远县供电分公司,党委组织部（人力资源部）
国网四川内江供电公司,县级供电企业,国网资中县供电分公司,内江星原公司资中分公司
国网四川内江供电公司,县级供电企业,国网资中县供电分公司,内江三新公司资中分公司
国网四川内江供电公司,县级供电企业,国网资中县供电分公司,运维检修部（检修（建设）工区）
国网四川内江供电公司,县级供电企业,国网资中县供电分公司,营销部（客户服务中心）
国网四川内江供电公司,县级供电企业,国网资中县供电分公司,电力调度控制分中心
国网四川内江供电公司,县级供电企业,国网资中县供电分公司,领导干部
国网四川内江供电公司,县级供电企业,国网资中县供电分公司,办公室（党委办公室）
国网四川内江供电公司,县级供电企业,国网资中县供电分公司,发展建设部
国网四川内江供电公司,县级供电企业,国网资中县供电分公司,安全监察部（保卫部）
国网四川内江供电公司,县级供电企业,国网资中县供电分公司,党委党建部（党委宣传部、工会、纪委办公室、团委）
国网四川内江供电公司,县级供电企业,国网资中县供电分公司,党委组织部（人力资源部）
国网四川内江供电公司,县级供电企业,国网资中县供电分公司,财务资产部
国网四川内江供电公司,县级供电企业,市区供电中心,内江星原公司市区分公司
国网四川内江供电公司,县级供电企业,市区供电中心,内江三新公司市区分公司
国网四川内江供电公司,县级供电企业,市区供电中心,市区供电中心
国网四川内江供电公司,公司所属各单位,变电运检中心,内江星原公司运检分公司
国网四川内江供电公司,公司所属各单位,变电运检中心,工程管理部
国网四川内江供电公司,公司所属各单位,变电运检中心,综合管理部
国网四川内江供电公司,公司所属各单位,变电运检中心,调试班
国网四川内江供电公司,公司所属各单位,变电运检中心,市场管理部
国网四川内江供电公司,公司所属各单位,变电运检中心,安全监察部
国网四川内江供电公司,公司所属各单位,变电运检中心,负责人
国网四川内江供电公司,公司所属各单位,变电运检中心,后勤综合保障班
国网四川内江供电公司,公司所属各单位,变电运检中心,安装班
国网四川内江供电公司,公司所属各单位,供电服务指挥中心,
国网四川内江供电公司,公司所属各单位,经济技术研究所,
国网四川内江供电公司,公司所属各单位,客户服务中心,
国网四川内江供电公司,公司所属各单位,输电运检中心,
国网四川内江供电公司,公司所属各单位,信息通信分公司,
国网四川内江供电公司,公司所属各单位,内江三新公司,综合管理部
国网四川内江供电公司,公司所属各单位,内江三新公司,工程技术部
国网四川内江供电公司,公司所属各单位,内江三新公司,安全监察部
国网四川内江供电公司,公司所属各单位,内江三新公司,财务资产部
国网四川内江供电公司,公司所属各单位,内江三新公司,负责人
国网四川内江供电公司,公司所属各单位,内江星原公司,内江星原公司综合服务分公司
国网四川内江供电公司,公司所属各单位,内江星原公司,内江星原公司工程分公司
国网四川内江供电公司,公司所属各单位,内江星原公司,内江星原公司新能源科技分公司
国网四川内江供电公司,公司所属各单位,内江星原公司,内江星原公司甘洛国合分公司
国网四川内江供电公司,公司所属各单位,内江星原公司,综合管理部
国网四川内江供电公司,公司所属各单位,内江星原公司,工程技术部
国网四川内江供电公司,公司所属各单位,内江星原公司,安全监察部
国网四川内江供电公司,公司所属各单位,内江星原公司,财务资产部
国网四川内江供电公司,公司所属各单位,四川东祥公司内江分公司,综合管理部
国网四川内江供电公司,公司所属各单位,四川东祥公司内江分公司,负责人
国网四川内江供电公司,公司所属各单位,乐山城电内江分公司,线路室
国网四川内江供电公司,公司所属各单位,乐山城电内江分公司,领导干部
国网四川内江供电公司,公司所属各单位,乐山城电内江分公司,综合（安全监察）室
国网四川内江供电公司,公司所属各单位,乐山城电内江分公司,电气室
国网四川内江供电公司,公司所属各单位,乐山城电内江分公司,测量队
国网四川内江供电公司,公司所属各单位,乐山城电内江分公司,技经室
国网四川内江供电公司,公司所属各单位,乐山城电内江分公司,咨询（系统规划）室
国网四川内江供电公司,公司所属各单位,乐山城电内江分公司,土建室
国网四川内江供电公司,公司所属各单位,西星公司（内江）招标代理处,业务室
国网四川内江供电公司,公司所属各单位,西星公司（内江）招标代理处,综合室
国网四川内江供电公司,公司所属各单位,西星公司（内江）招标代理处,负责人
国网四川内江供电公司,公司所属各单位,运维中心（不停电作业中心）,
国网四川内江供电公司,公司所属各单位,领导干部,
国网四川内江供电公司,公司所属各单位,会计核算中心,
国网四川内江供电公司,公司所属各单位,建设中心,
国网四川内江供电公司,公司所属各单位,市场经营部,
国网四川内江供电公司,公司所属各单位,综合管理部（党委办公室、董事会办公室）,
国网四川内江供电公司,公司所属各单位,负责人,
国网四川内江供电公司,公司所属各单位,党委组织部（人力资源部）,
国网四川内江供电公司,公司所属各单位,党委党建部（党委宣传部、工会、纪委办公室）,
国网四川内江供电公司,公司所属各单位,综合管理部（党委办公室、董事长办公室）,
国网四川内江供电公司,公司所属各单位,财务资产部,
国网四川内江供电公司,公司所属各单位,安全监察部,
